wage,educ,exper,looks,gender,union,goodhlth,black,married,south,citysize,service
5.73000001907349,14,30,4,F,0,1,0,1,0,SmallCity,1
4.28000020980835,12,28,3,F,0,1,0,1,1,SmallCity,0
7.96000003814697,10,35,4,F,0,1,0,0,0,SmallCity,0
11.5699996948242,16,38,3,M,0,1,0,1,0,BigCity,1
11.4200000762939,16,27,3,M,0,1,0,1,0,SmallCity,0
3.91000008583069,12,20,3,F,0,0,0,1,0,BigCity,0
8.76000022888184,16,12,3,M,0,1,0,1,0,BigCity,0
7.69000005722046,16,5,4,M,1,1,0,0,0,SmallCity,0
5,16,5,3,F,0,1,0,0,0,MedCity,0
3.89000010490417,12,12,3,F,0,1,0,0,0,SmallCity,0
3.45000004768372,12,3,4,F,0,1,0,0,0,BigCity,0
4.03000020980835,16,6,4,M,0,1,0,1,0,SmallCity,0
5.1399998664856,17,19,2,M,0,1,0,1,0,SmallCity,1
3,16,8,3,M,0,1,0,0,0,SmallCity,1
7.98999977111816,16,12,4,M,0,1,0,1,0,MedCity,0
6.01000022888184,16,17,4,M,0,1,0,1,0,SmallCity,0
5.15999984741211,17,7,3,M,0,1,0,1,0,MedCity,0
11.539999961853,17,12,4,M,0,1,0,1,1,SmallCity,1
10.4399995803833,17,10,4,F,0,1,0,0,0,BigCity,0
7.69000005722046,16,7,3,F,0,1,0,1,0,MedCity,1
7.69000005722046,17,7,4,M,1,1,0,0,0,SmallCity,0
6.78999996185303,14,19,3,M,0,1,0,1,0,SmallCity,1
6.86999988555908,12,33,3,M,0,1,0,1,0,BigCity,1
17.0300006866455,13,32,3,M,0,1,0,1,0,BigCity,0
10.0500001907349,13,12,4,M,0,1,0,1,0,BigCity,0
15.8100004196167,17,24,4,M,0,1,0,1,1,SmallCity,1
14.8400001525879,13,29,5,M,0,1,0,0,1,BigCity,1
19.0799999237061,17,17,5,M,0,1,0,0,0,BigCity,0
8.35000038146973,16,41,1,M,0,0,0,1,1,BigCity,1
9.61999988555908,16,40,3,M,0,0,0,1,0,SmallCity,0
5.96000003814697,14,10,3,M,0,1,0,1,0,SmallCity,0
5.73000001907349,10,43,3,M,0,0,0,1,0,SmallCity,0
6.73000001907349,10,41,4,M,0,1,0,1,0,SmallCity,0
8.17000007629395,16,18,2,M,0,1,0,1,0,SmallCity,0
12.3900003433228,12,28,4,M,0,1,0,1,0,BigCity,0
9.61999988555908,13,37,2,M,0,1,0,1,0,BigCity,0
4.82999992370605,16,20,4,M,0,1,1,1,0,SmallCity,0
7.69000005722046,13,10,2,M,1,1,0,1,0,SmallCity,0
12.5,16,31,3,M,0,1,0,1,1,SmallCity,0
2.8199999332428,12,18,3,M,0,1,0,1,0,MedCity,1
12.3100004196167,17,9,3,M,1,1,0,0,0,BigCity,0
13.2200002670288,16,42,3,M,0,1,0,1,0,BigCity,0
16.8299999237061,16,14,4,M,0,1,0,1,1,BigCity,0
11.539999961853,16,27,3,M,0,1,0,1,0,BigCity,0
4.94999980926514,14,20,3,F,0,1,1,0,1,BigCity,1
7.21000003814697,17,14,3,M,0,1,0,1,0,BigCity,0
11.5799999237061,17,4,3,M,0,1,0,1,0,BigCity,0
15.3800001144409,17,13,3,M,0,1,0,1,0,BigCity,0
6.09999990463257,17,5,3,M,0,1,0,1,0,SmallCity,1
7.92999982833862,17,32,3,M,0,1,0,1,0,BigCity,1
9.15999984741211,17,19,4,F,1,1,0,1,0,BigCity,1
6.90999984741211,17,14,4,F,0,1,0,0,1,BigCity,1
20.1800003051758,17,28,3,M,0,1,0,1,0,BigCity,1
9.93000030517578,17,31,3,M,1,1,0,1,1,SmallCity,0
7.78999996185303,13,18,4,M,0,1,0,1,0,SmallCity,0
5.13000011444092,5,23,3,M,0,1,0,1,0,MedCity,1
10.9899997711182,16,14,4,M,0,1,0,1,1,SmallCity,0
6.55999994277954,13,17,2,M,0,1,0,1,0,SmallCity,0
10.1000003814697,13,16,3,M,0,1,0,1,0,BigCity,0
10.7399997711182,16,19,3,M,0,1,0,1,0,MedCity,0
16.3500003814697,17,26,3,M,0,1,0,1,0,BigCity,0
4.61999988555908,12,20,4,F,0,1,0,1,1,SmallCity,1
7.48999977111816,17,18,3,M,0,1,0,1,0,MedCity,0
19.2299995422363,17,35,3,M,0,1,0,1,0,BigCity,0
4.76999998092651,17,9,4,F,0,1,0,0,1,SmallCity,1
7.1399998664856,17,20,2,F,0,1,0,0,0,BigCity,1
14.4200000762939,17,7,4,M,0,1,0,1,1,MedCity,1
9.27999973297119,17,40,4,M,0,1,0,0,1,MedCity,1
29.9799995422363,17,12,3,M,0,1,0,1,0,SmallCity,1
32.7900009155273,16,33,4,M,0,1,0,1,0,SmallCity,1
9.61999988555908,16,16,3,M,0,1,0,1,0,SmallCity,0
8.35999965667725,16,15,3,F,0,1,0,1,0,BigCity,0
21.6299991607666,17,11,3,M,0,1,0,1,0,SmallCity,1
15.8999996185303,17,24,4,M,0,1,0,1,0,SmallCity,1
5.76999998092651,17,6,2,M,0,1,0,1,1,BigCity,1
20.9899997711182,17,40,2,M,0,1,0,1,1,BigCity,1
23.3199996948242,17,15,5,M,0,1,0,1,1,MedCity,1
4.96999979019165,17,9,4,M,0,1,0,1,0,SmallCity,1
6.8899998664856,17,16,2,M,0,1,0,1,1,MedCity,0
5.73000001907349,13,12,2,F,0,1,0,0,1,BigCity,1
5.19000005722046,17,8,3,M,0,1,0,1,0,SmallCity,1
7.78999996185303,17,25,3,F,1,1,0,0,0,SmallCity,1
8.78999996185303,16,24,3,F,1,1,0,1,0,MedCity,1
9.31999969482422,17,25,4,F,1,1,0,0,1,SmallCity,0
8.32999992370605,17,7,4,F,0,1,0,0,1,BigCity,1
10.1199998855591,10,40,3,F,0,1,1,0,0,SmallCity,1
1.98000001907349,8,29,3,F,0,0,0,0,0,MedCity,1
8.23999977111816,17,13,4,F,0,1,0,1,0,BigCity,1
5.05000019073486,14,5,4,F,0,1,0,0,0,MedCity,1
6.55000019073486,16,10,3,F,0,1,0,1,0,MedCity,0
4.46999979019165,13,25,3,M,1,1,0,1,0,MedCity,1
7.96000003814697,16,10,3,F,0,1,0,1,0,BigCity,1
6.25,17,20,2,M,0,1,0,0,0,MedCity,1
4.13000011444092,16,7,3,M,0,1,0,0,0,MedCity,0
6.73000001907349,13,25,2,F,0,1,0,1,1,MedCity,1
7.69000005722046,17,8,3,F,0,1,0,0,0,SmallCity,1
4.34999990463257,14,8,2,F,0,1,0,1,0,SmallCity,1
7.69000005722046,14,28,3,M,0,1,0,1,0,SmallCity,0
4.80999994277954,16,37,2,M,0,1,0,1,1,SmallCity,1
5.23999977111816,17,31,3,M,0,1,0,1,0,MedCity,1
2.14000010490417,16,24,4,M,0,1,0,1,0,MedCity,1
4.48999977111816,17,33,4,M,0,1,0,1,0,MedCity,1
3.60999989509583,17,8,4,M,0,1,0,1,0,SmallCity,1
5.44999980926514,17,33,3,M,0,1,0,1,0,SmallCity,1
5,17,30,3,M,0,1,0,1,0,MedCity,1
6.73000001907349,17,23,3,M,0,1,0,1,0,SmallCity,1
10.0500001907349,16,24,3,M,0,1,0,1,0,MedCity,0
6.53999996185303,17,4,4,M,0,1,0,1,0,SmallCity,0
9.19999980926514,17,40,3,F,0,1,0,0,0,MedCity,1
4.61999988555908,16,1,3,F,0,1,0,0,0,SmallCity,1
3.36999988555908,13,36,3,F,0,1,1,0,0,BigCity,1
5.53999996185303,17,7,4,F,0,1,0,0,0,SmallCity,1
6.1100001335144,12,7,5,F,0,1,0,1,0,MedCity,0
4.98999977111816,13,14,3,F,0,1,0,0,0,SmallCity,1
5.88000011444092,17,7,3,F,0,1,0,1,0,SmallCity,1
5.65999984741211,16,11,4,F,1,1,0,0,1,SmallCity,1
4,16,6,3,M,0,1,0,1,0,SmallCity,1
6.86999988555908,16,23,3,F,0,1,0,1,0,MedCity,1
4.36999988555908,17,19,2,F,0,1,0,0,0,MedCity,1
5.76999998092651,13,30,3,M,0,1,0,1,1,SmallCity,0
5.76999998092651,17,21,4,M,0,1,0,1,1,MedCity,1
12.3100004196167,17,9,4,M,0,1,0,1,0,BigCity,1
19.0799999237061,17,29,3,M,1,1,0,1,1,SmallCity,1
7.55000019073486,17,9,3,F,0,1,0,0,0,MedCity,1
5.90000009536743,17,18,4,F,0,1,0,0,0,MedCity,1
6.36999988555908,17,26,3,F,0,1,0,0,1,MedCity,1
6.15000009536743,17,21,4,M,1,1,0,1,0,MedCity,1
1.91999995708466,17,12,2,F,1,1,0,1,1,SmallCity,1
3.26999998092651,17,11,3,M,0,1,0,0,0,SmallCity,1
2.1800000667572,17,18,4,M,0,1,0,0,0,SmallCity,1
5.61999988555908,17,22,3,M,0,1,0,1,0,SmallCity,1
9.28999996185303,17,38,4,F,0,1,0,0,0,MedCity,1
6.40999984741211,17,10,3,F,1,1,0,1,0,SmallCity,1
7.46000003814697,16,22,3,F,1,1,0,1,0,SmallCity,1
6.59000015258789,17,16,2,F,1,1,0,0,0,BigCity,1
6.73000001907349,17,20,2,F,1,1,0,1,1,SmallCity,1
5.6100001335144,16,14,3,F,1,1,0,1,1,SmallCity,1
3.65000009536743,16,14,4,F,0,1,0,1,0,BigCity,1
13.0100002288818,17,15,4,M,1,1,0,1,0,BigCity,1
6.96999979019165,17,18,3,M,1,1,0,0,0,MedCity,1
7.69000005722046,17,21,3,F,1,1,0,1,1,SmallCity,1
6.73000001907349,16,15,3,M,0,1,0,1,1,SmallCity,1
5.13000011444092,17,10,3,F,1,1,0,0,0,MedCity,1
2.14000010490417,16,6,4,F,0,1,0,1,0,SmallCity,1
4.53000020980835,14,8,2,F,1,1,0,1,0,SmallCity,1
9.10000038146973,17,18,2,F,0,1,0,0,1,BigCity,1
9.77999973297119,17,15,3,F,1,1,0,0,0,SmallCity,1
3.63000011444092,13,11,4,F,0,1,0,1,0,BigCity,1
7.21000003814697,17,20,3,F,1,0,1,1,0,BigCity,1
10.6199998855591,17,18,3,F,1,1,0,1,0,SmallCity,1
4.61999988555908,17,10,3,F,1,1,0,1,0,SmallCity,1
6.53999996185303,14,26,3,F,1,1,0,0,1,MedCity,1
12.1199998855591,17,35,3,F,1,0,0,0,0,BigCity,1
7.21000003814697,16,30,4,F,1,1,0,1,0,SmallCity,1
6.25,16,6,4,F,1,0,0,0,0,SmallCity,1
3.84999990463257,17,13,3,F,1,1,0,1,0,SmallCity,1
3.02999997138977,16,10,3,F,0,0,0,1,0,SmallCity,1
2.00999999046326,16,16,3,F,0,1,0,1,0,BigCity,1
3.90000009536743,17,5,4,F,1,1,0,1,0,MedCity,1
6.34999990463257,17,11,3,F,1,1,0,0,0,BigCity,1
2,14,6,4,F,0,1,0,1,0,MedCity,1
7.69000005722046,17,22,3,M,1,1,0,1,1,SmallCity,1
2.63000011444092,12,4,3,F,0,1,0,0,0,BigCity,1
5,17,15,4,F,1,1,0,1,1,BigCity,1
6.53999996185303,17,7,3,F,0,1,0,0,0,BigCity,1
5.19000005722046,16,10,3,F,0,1,0,1,0,SmallCity,1
9.75,16,8,3,F,1,1,0,1,0,BigCity,1
2.80999994277954,13,14,3,F,0,1,1,1,0,BigCity,0
4.61999988555908,17,11,3,M,1,1,0,1,0,SmallCity,1
7.32999992370605,17,34,3,M,1,1,0,1,0,SmallCity,1
7.69000005722046,17,12,4,M,1,1,0,1,0,MedCity,1
3.25999999046326,17,10,3,M,1,1,0,1,0,MedCity,1
5.76999998092651,17,11,2,F,0,1,0,0,0,SmallCity,1
5.59000015258789,17,8,4,M,1,1,0,0,0,SmallCity,1
5.13000011444092,16,28,3,M,0,1,1,0,0,MedCity,1
14.7399997711182,17,24,2,M,1,1,0,1,0,BigCity,1
3.67000007629395,17,8,3,F,1,1,0,0,0,MedCity,1
9.72999954223633,17,13,4,M,0,1,0,1,0,MedCity,1
3.46000003814697,13,4,3,M,1,1,0,1,0,MedCity,1
6.36999988555908,17,43,4,M,1,1,0,1,0,SmallCity,1
6.57999992370605,16,30,3,F,0,1,0,1,0,SmallCity,1
10.1499996185303,16,16,3,M,1,1,1,0,0,BigCity,1
9.22999954223633,17,19,3,M,1,1,0,1,1,MedCity,1
6.75,17,21,3,M,0,0,0,1,1,SmallCity,1
10.2200002670288,17,26,3,F,0,1,0,0,0,BigCity,1
4.76000022888184,16,8,3,M,1,1,0,1,0,SmallCity,1
1.75999999046326,17,24,3,F,0,1,0,0,0,BigCity,1
12.7299995422363,17,15,4,M,1,1,0,1,0,SmallCity,1
5.84999990463257,12,26,3,M,1,1,0,1,0,MedCity,0
3.17000007629395,16,6,3,M,0,0,0,1,0,MedCity,0
5.98999977111816,12,19,2,M,0,1,0,1,0,SmallCity,0
4.61999988555908,12,4,3,M,0,1,0,1,0,BigCity,0
1.79999995231628,13,23,4,M,0,1,0,1,1,MedCity,1
5.94999980926514,13,25,4,M,0,1,0,1,0,SmallCity,1
7.46000003814697,12,18,3,M,0,1,0,1,0,BigCity,0
8.69999980926514,13,27,2,M,0,1,0,1,0,SmallCity,0
3.75,10,16,3,M,0,1,0,1,0,MedCity,0
7.69000005722046,12,20,3,M,0,1,0,1,0,SmallCity,1
5.23999977111816,14,12,3,M,0,0,0,1,0,MedCity,0
10.1000003814697,12,35,4,M,0,1,0,1,0,BigCity,0
3.75,12,36,1,M,0,1,0,0,0,SmallCity,0
5.78999996185303,13,35,3,M,0,1,0,1,0,SmallCity,0
5.05999994277954,17,5,3,M,0,1,0,1,0,SmallCity,1
7.96000003814697,13,15,4,M,1,1,0,1,0,SmallCity,0
12.8199996948242,12,44,3,M,1,1,0,1,0,BigCity,0
8.46000003814697,13,28,3,M,0,1,0,1,1,SmallCity,0
3.75999999046326,13,2,4,F,1,1,0,0,1,BigCity,1
2.85999989509583,12,43,3,M,0,1,0,1,0,SmallCity,1
11.8100004196167,10,30,3,M,1,1,0,1,0,BigCity,0
7.69000005722046,12,26,3,M,0,1,0,1,0,SmallCity,0
7.21000003814697,12,40,3,M,1,0,0,1,0,BigCity,0
2.88000011444092,13,7,4,F,0,1,1,0,0,SmallCity,1
5.73000001907349,12,10,3,F,1,1,0,0,1,SmallCity,0
4.48999977111816,12,37,2,M,0,1,0,1,0,MedCity,1
9.56999969482422,17,27,4,M,1,1,0,1,0,SmallCity,1
3.60999989509583,17,5,3,M,0,1,0,1,0,BigCity,1
7.76999998092651,13,14,2,M,0,1,0,1,0,MedCity,0
9.22999954223633,16,16,2,M,0,1,0,0,0,BigCity,0
5.57999992370605,17,4,3,M,0,1,0,1,0,SmallCity,0
5.34000015258789,16,39,3,M,0,1,0,1,0,BigCity,1
5.17000007629395,12,32,3,M,1,1,0,1,1,SmallCity,1
6.40999984741211,17,16,4,M,0,1,0,1,1,MedCity,1
7.40000009536743,17,10,4,F,0,1,0,0,0,SmallCity,1
6.75,17,15,4,M,0,1,0,1,0,SmallCity,0
8.46000003814697,17,10,4,M,0,1,0,1,1,SmallCity,1
4.6100001335144,13,10,3,F,0,1,0,0,0,MedCity,0
8.60999965667725,12,12,3,F,0,0,0,1,1,SmallCity,0
5.23999977111816,16,4,4,M,0,1,0,0,0,MedCity,0
15.3800001144409,17,12,3,M,0,1,0,0,1,BigCity,0
2.36999988555908,12,15,4,F,0,1,0,1,0,SmallCity,0
6.71999979019165,12,37,4,F,0,1,0,0,1,BigCity,0
9.39999961853027,14,23,4,M,0,1,0,1,0,SmallCity,0
7.84000015258789,16,15,3,M,0,1,0,1,0,SmallCity,0
15,17,10,4,M,0,1,0,0,0,BigCity,0
4.69999980926514,12,14,4,F,0,1,0,1,0,SmallCity,0
11.2799997329712,13,17,3,M,0,1,0,0,1,BigCity,0
11.9700002670288,16,24,3,M,0,1,0,1,0,SmallCity,0
13.9899997711182,17,13,4,M,0,1,0,1,1,MedCity,0
3,13,5,3,F,0,1,0,1,1,SmallCity,0
3.41000008583069,12,20,3,F,0,1,0,1,0,SmallCity,0
9.61999988555908,14,29,4,M,0,1,0,1,0,SmallCity,0
6.73000001907349,16,10,4,M,0,1,0,0,0,BigCity,0
9.61999988555908,13,36,3,M,0,1,0,1,1,BigCity,1
5.19000005722046,13,15,3,F,0,1,0,1,0,MedCity,1
4.61999988555908,12,26,3,F,0,1,0,1,0,MedCity,1
5.03000020980835,14,13,4,F,0,1,0,1,0,MedCity,1
9.84000015258789,14,26,3,M,0,1,0,1,0,SmallCity,0
5.28999996185303,12,9,3,M,1,1,0,1,0,SmallCity,0
10.9899997711182,12,40,1,M,0,1,0,1,0,SmallCity,0
7.07999992370605,16,28,3,M,1,0,0,1,0,BigCity,0
8.17000007629395,16,12,2,M,0,1,0,0,0,BigCity,0
5.88000011444092,13,25,4,F,0,1,0,1,0,MedCity,1
7.92000007629395,13,18,4,F,0,1,0,1,0,SmallCity,0
4.44000005722046,17,9,3,M,0,1,0,0,0,SmallCity,0
6.6399998664856,13,9,3,M,1,1,0,1,0,MedCity,0
15.8000001907349,17,30,4,M,0,0,0,1,0,SmallCity,0
9.22999954223633,14,40,3,F,0,1,0,0,0,BigCity,0
12.8199996948242,17,36,3,M,0,1,0,1,0,BigCity,0
14.1800003051758,16,30,4,M,0,1,0,1,0,SmallCity,0
11.539999961853,12,27,3,M,1,1,0,1,0,BigCity,1
9.39999961853027,12,22,3,M,1,1,0,1,0,SmallCity,1
10.3900003433228,13,40,3,M,1,1,0,1,1,SmallCity,0
5.53999996185303,12,40,3,M,0,1,1,1,0,BigCity,1
7.8600001335144,14,21,3,M,0,1,0,1,0,BigCity,0
8.17000007629395,13,36,3,M,1,0,0,1,1,MedCity,0
4.05000019073486,12,16,4,F,0,1,0,1,0,SmallCity,1
7.80999994277954,10,36,3,M,1,0,0,1,0,BigCity,0
2.55999994277954,13,18,3,M,0,1,0,1,0,MedCity,0
12.9799995422363,16,11,4,M,0,1,0,0,1,MedCity,0
41.6699981689453,13,16,4,M,0,0,0,1,0,SmallCity,0
4.80999994277954,13,12,4,F,0,1,0,1,0,MedCity,0
1.32000005245209,10,2,3,M,1,1,0,1,0,SmallCity,0
3.71000003814697,16,4,3,M,0,1,0,0,0,BigCity,0
4.80999994277954,16,21,3,M,1,1,0,1,0,BigCity,1
4.67999982833862,12,4,3,M,0,1,0,0,0,BigCity,0
8.21000003814697,17,32,2,F,1,1,0,0,1,MedCity,1
4.03000020980835,16,7,3,F,0,1,0,0,0,BigCity,0
4.80999994277954,13,5,3,M,0,0,0,0,0,BigCity,0
15.6300001144409,16,23,3,M,0,1,0,1,1,BigCity,0
7.69000005722046,5,23,3,M,1,1,0,1,0,BigCity,0
7.17000007629395,13,14,3,M,0,1,0,1,0,SmallCity,0
8.07999992370605,16,13,4,M,0,1,0,1,0,SmallCity,0
9.02999973297119,13,28,3,M,0,1,0,1,0,SmallCity,0
6.75,14,35,4,M,0,1,0,1,0,BigCity,0
8.4399995803833,13,16,4,M,0,1,0,1,0,MedCity,0
6,17,12,4,M,0,1,0,1,0,MedCity,1
6.15000009536743,17,7,3,M,0,1,0,1,1,MedCity,1
4.09999990463257,12,25,3,M,0,1,0,1,0,SmallCity,1
14.1700000762939,13,22,3,M,1,1,0,1,1,SmallCity,0
6.40999984741211,17,22,3,M,0,1,0,1,0,SmallCity,1
31.0900001525879,13,32,3,M,0,0,0,1,0,SmallCity,0
10.289999961853,13,35,4,M,0,1,0,1,1,SmallCity,1
5.05999994277954,12,28,3,M,0,1,0,1,0,BigCity,0
6.36999988555908,13,18,3,M,0,1,0,1,1,SmallCity,0
2.98000001907349,17,11,3,F,0,1,0,0,0,SmallCity,0
13.2799997329712,13,40,3,M,0,1,0,1,0,BigCity,0
4.19999980926514,13,10,2,M,0,1,0,1,1,MedCity,0
8.92000007629395,12,40,3,M,0,1,0,1,1,SmallCity,1
2.63000011444092,16,7,3,F,0,1,0,1,0,MedCity,0
26.2399997711182,12,24,3,M,0,1,0,1,0,BigCity,0
7.53999996185303,12,36,4,M,0,1,0,0,0,MedCity,0
8.64999961853027,13,34,3,M,0,1,0,1,0,SmallCity,1
20.9899997711182,16,44,3,M,0,1,0,1,1,BigCity,0
10.2600002288818,13,44,3,M,0,1,0,1,0,SmallCity,1
8.55000019073486,16,30,3,M,0,1,0,1,0,BigCity,0
2.07999992370605,12,23,4,M,0,1,0,1,0,BigCity,0
3,13,5,3,M,0,0,0,0,1,MedCity,0
6.01000022888184,16,25,4,M,0,1,0,1,1,SmallCity,1
10.0500001907349,13,14,4,M,0,1,0,0,1,SmallCity,0
5.73000001907349,12,5,3,M,0,1,0,1,0,SmallCity,0
5.92999982833862,12,20,3,M,0,1,0,1,0,MedCity,0
4.48999977111816,10,1,2,M,0,1,0,0,0,SmallCity,0
5.65999984741211,16,13,4,M,0,1,0,0,0,BigCity,0
10.1899995803833,12,15,4,M,0,1,0,1,1,MedCity,0
20.9899997711182,12,35,3,M,0,1,0,1,0,MedCity,0
9.05000019073486,12,20,4,M,0,1,0,1,0,SmallCity,0
3.92000007629395,12,12,5,M,0,1,0,1,0,SmallCity,1
4.28000020980835,16,7,4,F,0,1,0,0,0,MedCity,1
2.75,16,7,3,F,0,1,0,0,0,SmallCity,0
2.88000011444092,12,32,4,M,0,1,0,1,0,BigCity,0
6.40999984741211,13,13,3,M,0,1,0,1,1,SmallCity,0
7.69000005722046,13,15,3,M,0,1,0,1,0,SmallCity,1
3.75,10,33,3,F,0,0,0,0,0,MedCity,1
6.40999984741211,8,48,3,M,0,1,0,1,0,SmallCity,0
11.539999961853,16,38,4,M,0,1,0,1,0,SmallCity,0
11.3999996185303,16,28,3,M,0,1,0,1,0,BigCity,1
2.20000004768372,13,18,4,F,0,1,0,1,1,MedCity,0
1.64999997615814,13,24,1,F,0,1,0,0,0,SmallCity,1
6.59000015258789,12,27,3,M,0,1,0,0,0,SmallCity,1
11.0600004196167,5,24,3,M,0,1,0,1,0,MedCity,0
1.62999999523163,10,16,3,M,0,1,0,1,1,SmallCity,1
3.57999992370605,12,44,3,F,0,1,0,1,0,MedCity,0
12.3100004196167,16,14,4,M,0,1,0,1,0,SmallCity,0
6.65999984741211,12,16,3,M,0,1,0,1,0,BigCity,0
10.5299997329712,16,18,3,F,0,1,0,1,0,MedCity,1
1.91999995708466,13,18,2,F,0,1,0,1,0,MedCity,1
19.2299995422363,13,15,4,M,0,1,0,1,0,BigCity,0
7.21000003814697,12,41,4,M,0,1,0,1,0,BigCity,0
25.6399993896484,16,28,3,M,0,1,0,1,0,BigCity,0
3.84999990463257,12,24,3,M,0,1,0,1,0,SmallCity,0
10.9899997711182,12,13,3,M,0,1,0,1,0,SmallCity,0
10.0200004577637,13,22,3,M,0,1,0,1,0,BigCity,0
5.30999994277954,13,18,4,M,0,1,0,1,0,SmallCity,0
7.19000005722046,13,40,3,M,0,1,0,1,1,SmallCity,0
3.8199999332428,13,17,4,M,0,1,0,1,0,MedCity,0
9.61999988555908,12,17,3,M,0,1,0,1,0,SmallCity,0
9.61999988555908,16,20,4,M,0,1,0,1,0,MedCity,0
3.84999990463257,12,30,4,M,0,1,0,1,0,MedCity,1
7.5,12,30,3,M,0,1,0,1,0,SmallCity,0
6.92000007629395,12,22,4,M,0,1,0,1,0,SmallCity,1
7.69000005722046,12,7,4,M,0,1,0,1,0,SmallCity,0
9.22999954223633,14,23,3,M,0,1,0,0,1,SmallCity,0
1.26999998092651,13,8,3,F,0,1,0,1,0,SmallCity,0
4.82000017166138,10,31,4,M,0,1,0,1,0,MedCity,0
6.75,12,30,3,M,0,1,0,1,0,SmallCity,0
8.55000019073486,13,26,2,M,0,1,0,0,1,MedCity,0
6.40999984741211,12,24,4,M,1,1,0,1,0,BigCity,0
7.44000005722046,13,12,3,M,1,1,0,1,0,SmallCity,0
1.32000005245209,12,37,3,F,0,1,0,1,0,SmallCity,0
4.80999994277954,14,16,4,F,0,1,0,0,0,MedCity,0
14.3500003814697,16,23,3,M,0,1,0,1,0,SmallCity,1
2.40000009536743,10,9,2,M,0,1,0,1,0,MedCity,0
3.07999992370605,14,14,2,M,0,1,0,1,0,SmallCity,1
10.6599998474121,13,8,5,M,0,1,0,0,0,MedCity,0
7.69000005722046,16,41,2,M,0,1,0,1,0,SmallCity,0
2.53999996185303,13,5,4,M,0,1,0,0,0,SmallCity,0
6.38000011444092,12,30,3,M,0,1,0,1,0,MedCity,0
4.80999994277954,17,12,4,M,0,1,0,1,0,BigCity,1
3.8199999332428,12,24,3,F,0,1,0,0,0,SmallCity,0
7.40000009536743,13,19,3,M,0,1,0,1,0,BigCity,0
7.69000005722046,12,20,4,M,0,1,0,1,0,MedCity,0
8.23999977111816,14,23,2,F,0,1,0,1,1,BigCity,1
2.63000011444092,8,3,3,M,0,1,0,0,0,SmallCity,0
5.30999994277954,13,20,4,M,0,1,0,1,0,MedCity,0
3,5,45,2,M,0,1,0,1,0,MedCity,0
5.69999980926514,12,31,3,M,0,1,0,1,0,SmallCity,0
17.4899997711182,13,23,4,M,0,1,0,1,0,MedCity,0
3.89000010490417,13,7,3,M,0,1,0,0,1,SmallCity,1
16.1399993896484,10,23,3,M,1,1,0,1,0,MedCity,0
18.3199996948242,13,25,3,M,0,1,0,1,0,SmallCity,0
10.4200000762939,8,28,3,M,1,0,0,1,0,SmallCity,0
24.7299995422363,12,36,3,M,0,1,0,1,0,BigCity,0
7.6100001335144,13,14,3,M,0,1,0,1,0,MedCity,0
10,17,41,4,M,0,1,0,1,0,SmallCity,0
1.67999994754791,10,15,3,M,0,1,0,1,0,MedCity,0
5.09999990463257,17,34,4,M,0,0,1,1,0,SmallCity,1
7.71999979019165,16,20,3,M,0,1,0,1,0,SmallCity,0
13.460000038147,16,20,4,M,0,1,0,1,1,BigCity,0
17.4799995422363,17,35,4,M,0,1,0,1,0,BigCity,0
1.91999995708466,10,25,3,M,0,1,1,1,0,MedCity,0
5.09000015258789,13,38,4,M,0,1,0,1,0,SmallCity,0
6.36999988555908,17,16,3,F,0,1,0,0,0,BigCity,0
5.44999980926514,16,6,2,M,0,1,0,0,0,BigCity,0
3.8199999332428,13,14,3,M,0,1,0,1,0,MedCity,0
20.8600006103516,8,34,4,M,0,1,0,1,0,SmallCity,0
6.19999980926514,17,8,4,M,0,1,0,0,0,SmallCity,1
26.2199993133545,17,17,3,M,0,1,0,1,0,BigCity,1
2.5,12,27,3,M,0,1,0,1,0,SmallCity,1
8.10000038146973,13,13,3,M,0,1,0,0,1,SmallCity,0
6.21000003814697,12,42,3,M,0,1,0,1,0,SmallCity,0
5.23999977111816,16,11,4,M,0,1,0,1,0,SmallCity,0
5.57000017166138,12,12,4,M,0,1,0,1,0,MedCity,0
7.59999990463257,12,43,4,M,0,1,0,1,0,SmallCity,0
17.4899997711182,16,18,3,M,0,1,0,1,0,SmallCity,0
10.1000003814697,16,17,3,M,0,1,0,0,0,SmallCity,0
4.32999992370605,13,4,2,M,0,1,0,0,1,SmallCity,0
5.38000011444092,12,40,4,M,0,1,0,1,0,MedCity,0
5.69999980926514,16,14,4,M,0,1,0,1,0,SmallCity,0
15.7299995422363,12,32,3,M,0,1,0,1,0,BigCity,0
3.16000008583069,12,13,3,F,0,1,0,1,0,SmallCity,1
7.63000011444092,13,34,3,M,1,0,0,0,0,SmallCity,0
7.69000005722046,16,10,3,M,0,1,0,0,1,BigCity,0
3.5699999332428,10,25,3,M,0,1,0,0,0,SmallCity,0
5.92000007629395,13,11,4,M,0,1,0,1,0,BigCity,0
13.1199998855591,13,40,3,M,0,1,0,1,0,SmallCity,0
38.8600006103516,13,29,3,M,0,1,0,1,0,SmallCity,0
1.91999995708466,13,30,3,F,0,0,0,0,0,SmallCity,0
10.1199998855591,16,20,3,M,1,1,0,1,0,SmallCity,0
12.8199996948242,16,12,4,M,0,1,0,1,1,MedCity,0
5.48999977111816,13,20,4,F,0,1,0,0,0,SmallCity,0
14.789999961853,17,29,3,M,0,1,0,1,0,SmallCity,0
10.1899995803833,17,15,2,M,0,1,0,1,1,SmallCity,0
2.10999989509583,10,37,3,F,1,1,0,0,0,BigCity,0
9.27999973297119,13,11,3,M,0,1,0,0,0,BigCity,0
5.32999992370605,13,19,4,M,0,1,0,1,0,SmallCity,0
9.13000011444092,13,13,3,M,0,1,0,1,0,SmallCity,0
9.89000034332275,10,41,3,M,0,1,0,1,0,SmallCity,0
6.36999988555908,10,11,3,M,0,1,0,1,0,SmallCity,0
4,12,26,3,F,0,1,0,0,0,SmallCity,0
5.09000015258789,13,7,4,M,0,1,0,1,1,SmallCity,0
5.13000011444092,12,21,4,M,0,1,0,1,1,MedCity,0
2.47000002861023,16,1,4,F,0,1,0,0,1,SmallCity,0
3.28999996185303,10,26,3,F,0,1,0,1,0,BigCity,0
3.95000004768372,12,1,3,F,0,1,0,0,1,BigCity,0
3.03999996185303,12,12,3,F,0,1,0,1,0,SmallCity,0
2.26999998092651,12,3,2,F,0,1,0,1,0,MedCity,0
3.33999991416931,12,5,3,F,0,1,0,1,0,BigCity,0
4.90000009536743,13,5,2,M,1,1,0,0,0,SmallCity,0
7.21000003814697,14,6,3,M,0,1,0,1,1,SmallCity,0
3.44000005722046,12,1,4,M,0,1,0,0,0,MedCity,0
2.40000009536743,12,6,4,F,0,1,0,1,0,MedCity,0
8.26000022888184,12,38,3,M,0,1,0,1,0,BigCity,0
10.6800003051758,12,38,3,M,0,1,0,1,0,SmallCity,0
4.61999988555908,13,37,3,M,0,1,0,1,0,MedCity,0
7.55000019073486,13,26,4,M,0,1,0,1,0,SmallCity,0
6.75,13,42,3,M,0,0,0,1,0,MedCity,0
7.69000005722046,12,42,3,M,0,1,0,1,1,SmallCity,0
7.25,14,10,3,M,0,1,0,1,0,SmallCity,0
8.73999977111816,12,16,4,M,0,1,0,1,0,SmallCity,0
4.61999988555908,13,34,2,M,0,1,0,1,1,SmallCity,0
3.32999992370605,12,17,2,M,0,1,0,0,0,MedCity,0
4.80999994277954,12,12,3,F,0,1,0,0,0,SmallCity,0
4.57999992370605,12,24,3,M,0,1,0,1,0,SmallCity,0
4.09000015258789,13,3,3,F,0,1,0,1,0,SmallCity,0
1.83000004291534,13,3,4,F,0,0,0,0,0,MedCity,0
3.32999992370605,10,14,3,M,0,1,0,1,0,SmallCity,0
4.71999979019165,12,3,3,F,0,0,0,0,0,MedCity,0
3.05999994277954,12,32,4,M,0,1,0,1,0,MedCity,0
4.94999980926514,13,9,4,M,0,1,0,1,1,SmallCity,0
11.539999961853,13,34,3,M,0,1,0,1,1,SmallCity,0
5.63000011444092,14,5,3,M,0,1,0,1,0,SmallCity,0
4.05000019073486,12,10,2,F,0,1,0,1,0,SmallCity,0
1.1599999666214,13,2,4,F,0,1,0,0,1,SmallCity,0
4.09999990463257,8,34,3,F,0,1,0,1,0,BigCity,0
2.46000003814697,12,17,3,F,0,1,0,1,0,MedCity,0
4.1100001335144,12,10,4,F,0,1,0,0,0,BigCity,1
6.1100001335144,13,44,3,F,0,1,0,1,0,MedCity,0
4.46999979019165,12,11,4,F,0,1,0,1,0,SmallCity,0
4.61999988555908,12,3,4,F,0,1,0,0,0,BigCity,0
1.27999997138977,13,2,3,F,0,1,0,1,0,MedCity,1
4.40000009536743,12,25,4,F,0,1,0,0,0,MedCity,0
1.26999998092651,12,12,3,F,0,1,0,1,0,SmallCity,1
3.95000004768372,12,10,4,F,0,1,0,0,0,MedCity,0
3.64000010490417,12,8,3,M,0,0,0,0,1,SmallCity,0
3.75,14,5,4,F,0,1,0,0,0,SmallCity,0
3.21000003814697,13,12,4,F,0,1,0,0,0,SmallCity,0
2.63000011444092,13,6,3,F,0,1,0,1,0,SmallCity,1
5.6399998664856,16,9,3,M,0,1,0,1,0,MedCity,0
3,12,2,4,F,0,1,0,0,0,BigCity,0
1.98000001907349,12,7,4,F,0,1,0,1,0,MedCity,0
4.80999994277954,12,26,3,F,0,1,0,0,0,MedCity,0
2.63000011444092,13,13,4,F,0,1,0,1,0,SmallCity,1
3.16000008583069,12,27,3,F,0,1,0,1,0,SmallCity,0
6.26999998092651,13,3,3,M,1,1,0,0,1,BigCity,1
4.05000019073486,13,8,3,F,0,1,0,0,0,SmallCity,0
1.98000001907349,16,8,3,F,0,1,0,1,0,SmallCity,0
2.1800000667572,12,2,4,F,0,1,0,1,0,SmallCity,0
2.63000011444092,12,4,4,F,0,1,0,1,0,MedCity,0
2.4300000667572,10,1,4,F,0,1,0,0,0,SmallCity,0
1.98000001907349,12,4,4,F,0,1,0,0,1,MedCity,0
4.09000015258789,12,5,4,F,0,1,0,1,1,MedCity,0
2.5,12,12,3,F,0,1,0,0,0,SmallCity,1
2.50999999046326,12,4,5,F,0,1,0,0,0,BigCity,0
3.84999990463257,10,7,4,F,1,1,0,0,0,SmallCity,0
5.13000011444092,12,5,4,M,0,1,0,0,1,SmallCity,0
4.80999994277954,12,5,3,F,0,1,0,0,0,SmallCity,0
4.80999994277954,13,3,4,M,0,1,0,0,0,SmallCity,1
7.07000017166138,13,8,3,F,1,1,1,0,0,BigCity,0
2.30999994277954,13,3,4,F,0,1,0,0,0,SmallCity,1
3.89000010490417,16,4,4,F,0,1,1,0,1,BigCity,0
1.98000001907349,12,25,2,F,0,1,0,0,0,BigCity,0
3.75,12,31,4,F,0,0,0,0,0,BigCity,0
1.25,12,5,4,F,0,1,0,1,0,MedCity,0
7.63000011444092,16,11,4,M,0,1,0,0,0,MedCity,1
6.53999996185303,13,8,3,F,0,1,1,0,1,SmallCity,0
13.1300001144409,16,24,3,M,0,1,0,1,1,SmallCity,0
4.40000009536743,13,3,5,F,0,1,0,0,0,SmallCity,0
7.69000005722046,13,16,3,F,0,1,1,1,0,SmallCity,0
3.84999990463257,10,7,3,M,0,1,0,1,0,SmallCity,0
7.69000005722046,12,25,3,M,0,1,0,1,0,SmallCity,0
5,13,19,3,M,0,1,0,0,1,SmallCity,0
8.9399995803833,10,31,3,M,1,1,0,1,0,SmallCity,0
5.09000015258789,17,7,5,F,0,1,0,0,0,BigCity,0
3.16000008583069,12,1,3,F,0,1,1,0,0,BigCity,1
10.5799999237061,13,21,3,M,0,1,0,1,0,SmallCity,0
6.86999988555908,12,5,3,F,0,0,1,1,0,BigCity,0
2.14000010490417,13,4,4,F,0,1,1,0,0,BigCity,0
5.13000011444092,16,15,4,F,0,1,0,0,0,BigCity,0
1.95000004768372,13,10,2,F,1,1,0,1,0,SmallCity,1
1.91999995708466,12,8,4,F,0,1,0,1,0,MedCity,1
2.65000009536743,13,18,3,F,0,1,0,1,0,SmallCity,1
2.61999988555908,17,10,3,F,1,1,0,1,1,MedCity,1
7.90999984741211,13,6,4,F,1,1,0,0,0,SmallCity,0
8.55000019073486,12,30,4,M,1,1,0,1,1,MedCity,0
8.4399995803833,13,19,4,F,1,1,0,0,0,BigCity,0
7.96000003814697,12,30,3,M,1,1,0,1,0,MedCity,0
7.21000003814697,12,38,4,M,0,0,1,0,0,BigCity,0
4.67000007629395,10,4,3,M,0,1,0,0,0,BigCity,0
4.28000020980835,13,7,4,F,0,1,0,0,0,SmallCity,1
3.60999989509583,13,4,3,F,0,1,0,0,1,SmallCity,0
1.91999995708466,14,2,3,F,0,1,0,0,0,SmallCity,0
1.67999994754791,13,5,3,F,0,1,0,1,0,MedCity,0
4.46000003814697,12,21,3,F,0,1,0,1,0,SmallCity,0
2.10999989509583,13,12,4,F,0,1,0,0,1,SmallCity,0
3.80999994277954,12,4,5,M,0,1,0,1,0,SmallCity,0
6.25,12,11,4,F,0,1,0,1,0,SmallCity,0
3.07999992370605,13,5,3,F,0,1,1,0,0,SmallCity,0
5.3899998664856,10,45,3,M,0,0,0,1,0,SmallCity,0
7.32999992370605,13,31,4,M,1,0,0,1,0,MedCity,0
4.92000007629395,12,38,3,F,1,0,1,0,1,BigCity,0
9.89000034332275,10,35,3,M,1,1,1,0,0,BigCity,0
2.98000001907349,12,12,3,F,0,1,0,1,0,SmallCity,0
2.92000007629395,12,12,4,F,0,1,0,0,0,MedCity,1
4.17000007629395,12,34,4,F,0,1,0,1,0,SmallCity,1
3.33999991416931,13,20,2,F,0,1,1,0,0,SmallCity,0
2.25999999046326,14,3,4,F,0,1,0,0,0,MedCity,0
10.1199998855591,13,18,3,F,0,1,0,0,0,SmallCity,1
6.34999990463257,12,20,3,F,0,1,0,1,0,SmallCity,0
7.80000019073486,13,6,3,F,0,1,1,0,0,BigCity,1
3.75,12,9,4,F,0,1,0,0,0,SmallCity,0
3.58999991416931,12,3,4,F,0,1,0,1,0,SmallCity,0
4.51999998092651,13,7,3,F,0,1,0,0,0,SmallCity,0
4.46999979019165,12,12,3,F,0,1,0,1,0,SmallCity,0
5.28999996185303,12,12,4,F,0,1,0,0,0,SmallCity,1
5.28999996185303,13,10,4,F,0,1,0,0,1,SmallCity,1
4.80999994277954,13,9,4,F,0,1,0,0,0,SmallCity,0
1.98000001907349,14,3,2,F,0,1,0,1,0,MedCity,1
3.17000007629395,13,2,3,F,0,1,0,0,0,MedCity,0
2.88000011444092,12,40,4,F,0,1,0,1,0,BigCity,1
3.47000002861023,13,5,3,F,0,1,0,1,0,MedCity,1
3.92000007629395,12,15,2,F,0,1,0,1,0,MedCity,0
3.46000003814697,17,13,4,F,0,1,0,1,1,BigCity,1
4.94999980926514,14,10,5,F,0,1,1,0,0,BigCity,0
2.1800000667572,12,2,3,F,0,1,0,0,0,MedCity,0
4.09999990463257,12,23,4,F,0,1,0,0,0,SmallCity,0
2.61999988555908,12,15,3,F,0,1,0,0,0,MedCity,1
6.59000015258789,13,30,3,F,0,1,0,0,0,SmallCity,0
3.96000003814697,12,15,2,F,0,1,0,1,0,BigCity,0
4.80999994277954,13,11,3,F,0,1,0,0,0,SmallCity,0
3.75,12,27,3,F,0,1,0,0,0,SmallCity,1
7.34000015258789,12,9,3,F,1,1,0,0,0,BigCity,0
2.9300000667572,12,1,4,F,0,1,0,0,0,MedCity,1
3.47000002861023,12,15,3,F,0,1,0,0,0,SmallCity,1
5.6399998664856,12,16,3,F,0,1,0,1,0,SmallCity,1
3.75,13,3,3,F,0,1,0,0,0,MedCity,1
5.44999980926514,17,19,4,F,0,1,0,0,0,SmallCity,1
4.09000015258789,13,18,4,F,0,0,0,0,1,BigCity,0
3.75,12,4,3,F,0,1,0,1,0,SmallCity,0
6.73000001907349,12,14,4,F,0,1,0,1,0,SmallCity,0
3.27999997138977,13,8,3,F,1,1,0,1,0,SmallCity,1
3.5699999332428,12,10,4,F,0,1,0,0,0,SmallCity,0
6.01000022888184,12,33,3,M,0,1,0,1,0,BigCity,0
4.61999988555908,10,9,3,M,0,1,0,1,0,SmallCity,0
6.84000015258789,12,26,4,M,0,1,0,1,0,BigCity,0
6.40999984741211,10,15,3,F,0,1,0,1,0,MedCity,0
3.44000005722046,12,31,2,M,0,1,0,1,0,SmallCity,0
3.84999990463257,10,22,3,M,1,1,0,1,1,SmallCity,0
7.15000009536743,12,30,4,F,1,1,0,0,0,BigCity,0
4.05000019073486,12,3,3,F,0,1,1,0,1,BigCity,0
2.91000008583069,14,4,4,M,0,1,0,0,0,SmallCity,0
1.91999995708466,12,4,3,F,0,0,0,0,1,SmallCity,0
4.42000007629395,12,9,3,M,0,1,0,0,0,SmallCity,0
8.48999977111816,14,7,3,M,1,1,0,0,0,BigCity,0
4.28000020980835,13,3,3,M,1,1,1,0,1,BigCity,0
3.32999992370605,12,5,4,M,0,1,0,1,0,BigCity,1
8.46000003814697,13,48,3,M,0,1,0,1,0,BigCity,0
8.64999961853027,12,3,3,F,0,1,0,0,0,SmallCity,0
1.1599999666214,10,5,3,F,0,1,0,1,1,SmallCity,1
1.98000001907349,13,5,3,F,0,1,1,1,0,SmallCity,1
2.5699999332428,12,3,3,F,0,1,0,1,0,SmallCity,1
2.57999992370605,12,6,4,F,0,1,1,0,0,SmallCity,1
2.50999999046326,12,10,4,F,0,1,0,1,0,MedCity,1
77.7200012207031,13,9,4,F,1,1,1,1,0,BigCity,1
4.32999992370605,12,26,4,F,1,1,0,1,1,SmallCity,0
4.09000015258789,8,33,3,M,1,1,0,1,0,SmallCity,0
5.73000001907349,12,12,3,F,1,1,0,0,1,BigCity,0
4.80999994277954,12,11,3,F,1,1,0,0,0,MedCity,0
7.69000005722046,12,10,4,F,0,1,0,0,0,SmallCity,0
5.73000001907349,12,9,3,F,1,1,0,0,0,SmallCity,0
5.88000011444092,12,17,3,F,1,1,0,0,0,SmallCity,0
4.26999998092651,13,37,3,M,0,1,0,1,0,MedCity,0
9.61999988555908,16,28,4,M,0,1,0,0,0,MedCity,0
9.35999965667725,12,16,3,M,0,1,0,0,0,SmallCity,0
3.95000004768372,12,2,5,F,0,1,0,0,0,SmallCity,0
5.73000001907349,12,34,3,F,1,1,0,1,0,MedCity,0
2.59999990463257,12,7,3,F,0,1,0,0,1,SmallCity,0
3.75,12,4,4,F,0,1,0,0,0,MedCity,0
5.6100001335144,14,12,4,F,0,1,0,1,0,SmallCity,1
5.73000001907349,13,20,3,F,0,1,0,1,1,SmallCity,0
3.84999990463257,12,17,3,F,0,1,0,1,1,SmallCity,0
2.88000011444092,12,0,2,F,0,1,0,0,0,SmallCity,1
2.75,12,7,4,F,0,1,0,0,0,SmallCity,0
11.5699996948242,13,13,4,M,0,1,0,0,1,BigCity,0
4.32999992370605,13,4,3,F,0,1,1,0,0,BigCity,1
2.75,12,3,3,F,0,1,0,1,0,BigCity,0
5.34000015258789,10,5,3,F,0,1,0,0,0,SmallCity,0
6.55999994277954,12,19,3,M,0,1,0,1,0,SmallCity,0
4.67999982833862,13,12,3,M,0,1,0,1,0,BigCity,0
1.98000001907349,12,10,2,F,0,1,0,1,0,MedCity,0
7.96000003814697,12,18,3,M,1,1,0,1,1,SmallCity,0
4.86999988555908,13,18,2,F,0,1,0,1,0,BigCity,0
3.16000008583069,10,44,3,F,1,1,0,1,0,MedCity,0
6.25,12,5,3,M,0,1,0,0,0,SmallCity,0
3,13,18,4,F,0,1,0,1,0,SmallCity,0
3.75,12,12,4,F,1,1,0,0,1,SmallCity,0
3.75,12,6,4,F,0,1,0,1,0,SmallCity,0
6.53999996185303,13,13,4,F,0,1,1,0,1,BigCity,1
4.19000005722046,13,10,3,M,0,1,0,1,0,BigCity,0
5.36999988555908,12,20,2,M,0,1,0,1,0,MedCity,0
2.14000010490417,16,32,5,F,0,1,0,0,0,MedCity,1
4.80999994277954,12,32,3,F,0,1,0,1,0,BigCity,0
3.52999997138977,12,8,3,F,0,1,0,1,0,BigCity,0
4.32999992370605,12,25,3,F,0,1,0,0,0,SmallCity,1
6.13000011444092,12,18,3,M,1,1,0,1,0,SmallCity,0
8.78999996185303,12,31,2,M,1,0,0,1,0,BigCity,1
8.21000003814697,12,30,3,M,1,1,0,1,0,MedCity,0
2.39000010490417,10,8,3,M,0,1,0,1,0,MedCity,0
4.57999992370605,12,18,4,M,0,1,0,1,0,MedCity,0
6.96999979019165,13,16,3,M,0,1,0,1,0,BigCity,0
10.1199998855591,12,29,3,M,1,1,0,1,0,MedCity,0
3.75,12,30,2,M,0,1,0,1,0,SmallCity,0
3.51999998092651,12,8,2,M,0,1,0,0,0,SmallCity,0
8.40999984741211,10,22,3,M,0,1,0,1,0,MedCity,0
7.96000003814697,12,15,5,M,0,1,0,1,0,SmallCity,0
8.23999977111816,12,20,2,M,1,1,0,1,0,BigCity,0
3.22000002861023,12,18,3,M,0,1,0,1,0,MedCity,0
7.96000003814697,8,36,3,M,0,1,0,1,0,SmallCity,0
8.64999961853027,12,11,4,M,1,1,0,0,0,BigCity,0
4.26999998092651,10,3,3,M,0,1,1,0,0,SmallCity,0
12.6599998474121,12,22,5,M,1,1,0,1,1,BigCity,0
7.96000003814697,10,16,3,M,1,1,0,1,0,MedCity,0
3.49000000953674,10,44,3,M,0,1,0,1,0,MedCity,0
10.1199998855591,13,20,2,M,0,1,0,0,0,SmallCity,0
3.07999992370605,13,5,4,M,0,1,0,1,1,SmallCity,0
7.96000003814697,12,8,3,M,1,1,0,1,0,SmallCity,0
2.75,12,2,4,M,0,1,0,0,0,BigCity,0
3.39000010490417,10,10,3,M,0,1,0,1,0,SmallCity,0
5.48999977111816,12,7,2,M,0,1,0,1,0,SmallCity,0
4.26999998092651,12,11,3,M,0,1,0,1,0,SmallCity,0
5.71000003814697,12,18,3,M,1,1,0,1,1,SmallCity,0
3.46000003814697,14,8,2,F,0,1,0,1,1,SmallCity,0
15.3800001144409,12,37,3,M,0,1,0,1,0,SmallCity,0
8.40999984741211,13,12,3,M,0,1,0,0,0,SmallCity,0
10.1199998855591,12,11,3,M,0,1,0,1,1,SmallCity,0
3.84999990463257,12,7,4,M,0,1,0,1,1,SmallCity,0
4.61999988555908,12,23,4,M,0,1,0,1,0,MedCity,1
3.41000008583069,12,5,3,M,0,1,0,1,0,MedCity,1
10.5799999237061,12,22,4,M,1,1,0,1,1,SmallCity,0
10.1000003814697,13,35,3,M,1,1,0,0,0,BigCity,0
7.96000003814697,13,6,3,M,0,1,0,1,0,SmallCity,0
6.80999994277954,8,14,4,M,0,1,0,1,0,BigCity,0
7.21000003814697,12,37,3,M,1,1,0,1,0,SmallCity,0
6.40999984741211,8,32,3,M,1,1,0,1,1,SmallCity,0
4.76999998092651,10,30,3,M,1,1,0,1,0,MedCity,0
6.05000019073486,13,10,3,M,1,1,0,1,0,MedCity,0
3.75,10,9,2,M,1,1,0,1,0,MedCity,0
9.15999984741211,13,14,3,M,1,1,0,1,1,SmallCity,0
3.32999992370605,10,19,3,M,0,1,0,1,0,MedCity,0
4.76999998092651,14,6,3,M,1,1,0,1,0,SmallCity,0
5.78999996185303,12,28,2,M,0,1,0,1,0,SmallCity,0
3.96000003814697,16,10,3,F,0,1,0,0,0,BigCity,0
6.40999984741211,12,37,2,M,1,1,0,1,1,MedCity,0
5.55000019073486,12,41,3,M,1,1,0,1,0,MedCity,0
12.7399997711182,10,18,3,M,1,0,0,1,1,MedCity,0
7.69000005722046,13,14,4,M,0,1,0,0,1,BigCity,0
8.17000007629395,16,12,3,M,1,1,0,0,1,BigCity,0
6.40000009536743,12,26,3,M,0,1,0,1,0,SmallCity,0
3.5699999332428,12,19,3,F,0,1,1,1,0,SmallCity,0
6.59000015258789,10,22,4,M,0,1,0,0,0,MedCity,0
7.69000005722046,12,27,3,M,0,1,0,1,0,SmallCity,0
10.2600002288818,12,27,3,M,0,1,1,0,0,MedCity,0
7.07999992370605,10,25,3,M,0,1,0,1,0,MedCity,0
10.4200000762939,12,10,3,M,0,1,0,1,0,SmallCity,0
8.07999992370605,12,7,3,M,0,1,0,1,0,SmallCity,0
4.94999980926514,13,7,4,M,0,1,0,0,0,SmallCity,0
9.8100004196167,13,24,3,M,0,1,0,1,0,BigCity,0
5.76999998092651,12,10,4,M,0,1,0,0,0,BigCity,0
4.80999994277954,12,3,4,M,0,1,0,0,0,SmallCity,0
11.9499998092651,14,28,3,M,0,1,0,1,0,BigCity,0
6.11999988555908,12,23,4,M,0,1,0,1,0,MedCity,0
4.57999992370605,12,37,4,M,0,1,0,0,0,MedCity,0
2.25999999046326,10,18,2,F,0,0,0,1,0,MedCity,0
4.36999988555908,12,5,3,M,0,1,0,1,0,SmallCity,0
7.71000003814697,8,42,2,M,0,1,0,1,0,MedCity,0
7.96000003814697,13,20,3,F,0,1,0,0,1,SmallCity,0
8.93000030517578,12,33,3,M,0,1,0,0,0,BigCity,0
12.2700004577637,10,25,3,M,0,0,0,1,0,SmallCity,0
5.73000001907349,12,14,4,F,1,1,0,1,0,MedCity,0
7.26000022888184,13,10,4,M,0,1,0,1,0,SmallCity,0
4.73000001907349,5,21,2,M,0,1,0,1,0,SmallCity,0
5.38000011444092,12,8,3,M,0,1,0,1,0,MedCity,0
9,12,42,4,M,0,1,0,1,0,MedCity,0
4.90999984741211,12,10,4,M,0,1,0,1,0,BigCity,0
14.3100004196167,10,40,2,M,1,1,0,1,0,SmallCity,0
9.73999977111816,12,13,4,M,0,1,0,1,0,BigCity,0
4.13000011444092,12,39,3,M,0,1,0,1,0,MedCity,0
3.75,13,9,3,M,0,1,0,1,1,SmallCity,0
5.26000022888184,12,26,2,M,0,1,0,1,0,MedCity,0
21.7399997711182,12,24,3,M,1,1,0,1,1,MedCity,0
8.8100004196167,12,14,3,M,1,1,0,1,0,SmallCity,0
8.17000007629395,13,12,4,M,1,1,0,1,1,SmallCity,0
7.5,12,35,4,M,1,1,0,1,0,MedCity,0
3.42000007629395,12,14,3,M,0,0,0,1,0,MedCity,0
8.89000034332275,12,18,3,M,1,1,0,1,0,SmallCity,0
4.15999984741211,13,32,3,M,0,1,0,1,0,MedCity,0
8.17000007629395,12,23,3,M,1,1,0,1,0,BigCity,0
8.11999988555908,12,22,3,M,0,1,0,1,1,SmallCity,0
10.1199998855591,12,29,3,M,0,1,0,1,0,SmallCity,0
12.5,13,30,3,M,1,1,0,1,1,SmallCity,0
4.32999992370605,8,15,2,M,0,1,0,0,0,SmallCity,1
5.19999980926514,12,10,4,M,0,1,0,0,0,MedCity,1
9.61999988555908,10,12,4,M,0,1,0,1,0,SmallCity,1
16.0300006866455,10,25,3,M,0,1,0,1,1,SmallCity,1
9.27999973297119,12,29,3,M,0,1,0,1,0,SmallCity,1
2.80999994277954,8,40,2,M,0,0,0,1,0,MedCity,0
7.21000003814697,5,34,3,M,0,1,1,1,1,SmallCity,0
8,12,18,3,M,0,1,0,1,1,SmallCity,1
10.9899997711182,12,22,3,M,1,0,0,1,0,BigCity,0
4.46999979019165,12,12,2,M,0,1,0,1,1,MedCity,0
7.07000017166138,12,10,3,M,0,1,0,1,0,SmallCity,1
1.6599999666214,12,15,4,M,0,1,0,1,0,MedCity,1
7.92999982833862,12,39,1,M,1,1,0,1,0,BigCity,0
5.23000001907349,12,18,3,M,1,1,0,0,0,BigCity,0
7.96000003814697,10,18,3,M,1,1,0,1,0,SmallCity,0
7.03000020980835,12,16,2,M,1,1,0,1,0,BigCity,0
3.75,8,18,3,M,0,1,0,1,1,MedCity,1
5.28999996185303,13,4,3,M,0,1,0,0,0,SmallCity,0
4.46000003814697,13,4,3,M,0,1,0,0,1,SmallCity,0
7.96000003814697,13,39,3,M,0,1,0,1,0,BigCity,1
5.44999980926514,12,16,3,M,0,1,0,1,1,SmallCity,0
6.86999988555908,12,23,3,M,0,1,0,1,0,SmallCity,1
10.3000001907349,17,14,4,M,1,1,0,1,0,SmallCity,0
8.01000022888184,16,12,3,M,0,1,0,1,0,BigCity,0
6.25,13,40,3,M,0,1,0,1,1,BigCity,0
7.96000003814697,10,44,3,M,1,1,0,1,1,SmallCity,0
3.9300000667572,13,8,3,M,0,1,0,1,0,SmallCity,0
7.75,5,23,3,M,1,1,0,1,0,MedCity,0
4.30000019073486,12,11,2,M,1,1,0,0,0,MedCity,0
4.90000009536743,12,8,3,M,1,1,0,1,0,MedCity,0
5.55999994277954,10,45,3,M,0,1,0,1,0,SmallCity,0
5.73000001907349,12,19,3,M,0,1,0,1,0,SmallCity,0
5.69999980926514,13,19,4,M,0,1,0,1,1,MedCity,1
4.57000017166138,12,7,2,M,0,1,0,0,0,MedCity,0
4.15000009536743,13,8,4,M,0,1,0,1,0,MedCity,0
4.71000003814697,12,34,3,M,0,1,0,1,0,MedCity,0
7.21000003814697,12,20,4,M,0,1,0,1,0,SmallCity,0
7.03999996185303,13,12,3,M,1,1,0,0,0,SmallCity,0
1.48000001907349,12,13,2,M,0,1,0,0,0,MedCity,1
3.36999988555908,12,13,4,F,1,0,0,1,0,MedCity,0
9.61999988555908,12,4,3,M,1,1,0,0,0,BigCity,0
3.75,12,3,4,M,0,1,0,0,0,MedCity,0
7.1399998664856,12,17,4,M,1,1,0,1,0,BigCity,0
6.98999977111816,13,10,4,M,0,1,0,1,0,BigCity,1
8.46000003814697,10,26,3,M,1,1,0,1,0,BigCity,0
4.76000022888184,16,12,3,M,0,1,0,1,0,MedCity,0
3.90000009536743,13,2,4,F,0,1,1,0,0,SmallCity,0
5.76999998092651,14,11,4,M,0,1,0,1,0,SmallCity,1
8.73999977111816,12,19,4,M,0,1,0,1,0,SmallCity,1
6.55999994277954,16,4,4,M,0,1,0,0,0,MedCity,0
4.23999977111816,13,9,3,M,0,1,0,0,0,BigCity,0
4.09000015258789,12,15,4,M,0,1,0,1,0,BigCity,1
20.9899997711182,10,25,3,M,0,1,0,1,0,MedCity,0
7.69000005722046,12,7,3,M,0,1,0,1,0,SmallCity,0
4.57999992370605,12,29,3,M,1,1,0,1,0,SmallCity,0
6.48999977111816,12,28,3,M,1,0,0,1,0,SmallCity,0
12.8199996948242,12,3,3,M,1,1,0,1,0,BigCity,0
9.61999988555908,13,9,3,M,1,1,0,1,0,BigCity,0
8.89000034332275,12,42,3,M,1,1,0,1,0,SmallCity,0
10.5799999237061,12,17,3,M,1,1,0,1,0,MedCity,0
7.21000003814697,5,29,3,M,0,1,0,0,0,MedCity,0
1.64999997615814,10,7,2,M,0,1,0,0,0,SmallCity,0
10.5799999237061,12,15,4,M,1,1,0,1,0,SmallCity,0
3.03999996185303,12,15,3,M,1,1,0,1,0,MedCity,0
4.55000019073486,10,43,3,M,0,1,0,1,0,SmallCity,1
7.69000005722046,10,44,3,M,1,1,0,1,1,MedCity,0
3,13,11,3,M,0,1,0,1,0,SmallCity,1
12.0200004577637,12,31,4,M,1,1,0,1,0,BigCity,0
5.98999977111816,14,21,3,M,1,1,0,1,1,BigCity,0
8.9399995803833,13,35,3,M,1,1,0,1,0,MedCity,0
4,10,7,4,M,0,1,0,0,0,MedCity,0
1.98000001907349,12,3,3,M,1,1,0,0,1,BigCity,0
1.26999998092651,10,0,4,F,0,1,0,0,0,SmallCity,0
5.57000017166138,5,10,3,M,0,1,0,1,0,SmallCity,1
7.3600001335144,12,39,2,M,0,1,0,1,0,SmallCity,0
3.07999992370605,12,5,3,M,0,1,0,1,0,SmallCity,0
9.64000034332275,10,36,3,M,1,1,0,1,1,SmallCity,0
5.09000015258789,10,18,3,M,0,1,0,1,0,MedCity,1
10.1199998855591,10,17,3,M,1,1,0,1,1,SmallCity,0
9.61999988555908,8,40,3,M,1,1,1,0,0,BigCity,0
5.76999998092651,12,5,3,M,1,1,0,1,0,BigCity,0
8.31999969482422,12,26,4,M,1,1,0,0,0,SmallCity,0
5.73000001907349,12,34,2,M,1,1,0,1,0,BigCity,0
5.73000001907349,12,11,3,M,0,1,0,1,0,SmallCity,0
7.21000003814697,10,43,3,M,1,1,0,1,0,BigCity,0
8.77999973297119,12,24,3,M,1,1,0,1,0,SmallCity,0
7.96000003814697,13,15,3,M,1,1,0,1,0,SmallCity,0
9.61999988555908,12,11,3,M,1,1,0,1,0,SmallCity,0
7.44999980926514,12,38,3,M,1,1,0,1,0,BigCity,0
18.4599990844727,12,20,3,M,1,1,0,1,0,SmallCity,0
8.85000038146973,12,9,4,M,1,1,0,1,0,SmallCity,0
8,10,7,3,M,0,1,0,0,0,MedCity,0
5.73000001907349,10,47,3,M,0,1,0,1,1,SmallCity,0
10.6099996566772,13,17,3,M,1,1,0,1,0,BigCity,0
6.84000015258789,13,45,3,M,1,1,0,1,0,BigCity,0
7.78000020980835,12,9,4,M,1,1,0,1,0,SmallCity,0
4.21000003814697,10,18,3,M,0,1,0,0,0,SmallCity,0
10.1199998855591,12,28,3,M,1,1,0,1,0,MedCity,0
5.55999994277954,13,10,1,M,0,1,0,1,0,BigCity,0
5.76999998092651,10,24,2,M,0,1,0,0,0,BigCity,0
3.84999990463257,12,14,3,M,0,1,0,1,0,MedCity,0
4.32999992370605,8,31,3,M,0,1,0,0,0,MedCity,0
4.09000015258789,10,3,3,F,0,1,1,0,0,MedCity,0
7.69000005722046,12,9,1,M,1,0,0,1,0,BigCity,0
6.98000001907349,14,38,3,M,1,1,0,1,0,MedCity,0
5.69000005722046,8,35,3,F,1,1,0,1,0,SmallCity,0
1.20000004768372,12,5,3,F,0,1,0,1,0,SmallCity,0
7.48000001907349,16,3,3,M,1,1,0,0,0,SmallCity,0
3.13000011444092,12,5,4,F,0,1,1,1,0,MedCity,0
5.6100001335144,12,13,3,M,0,1,0,1,0,MedCity,0
3.26999998092651,12,4,3,F,0,1,0,0,1,SmallCity,0
6.25,12,10,4,M,1,1,0,1,0,SmallCity,0
7.69000005722046,13,10,4,M,1,1,0,1,0,SmallCity,0
4,12,23,2,F,1,1,0,0,0,SmallCity,0
4.65999984741211,10,38,4,F,0,1,0,0,0,SmallCity,0
3.8199999332428,10,4,3,M,0,1,0,1,0,MedCity,0
5.23999977111816,12,13,4,M,1,1,0,1,0,BigCity,0
5.13000011444092,10,35,3,F,1,0,0,1,0,MedCity,0
3.36999988555908,12,2,2,F,1,1,0,0,0,BigCity,0
6.40999984741211,13,5,2,F,1,1,0,0,0,SmallCity,0
4.80999994277954,12,13,3,F,1,1,0,1,0,SmallCity,0
5.6100001335144,13,25,4,M,1,1,0,1,0,SmallCity,0
7.96999979019165,13,9,4,M,1,1,0,1,0,SmallCity,0
3.75,13,20,2,F,0,1,0,1,0,MedCity,0
5.15000009536743,10,10,4,F,1,1,0,1,0,SmallCity,0
5.76999998092651,12,17,4,M,1,1,0,1,0,BigCity,0
4.94000005722046,12,46,3,M,1,1,0,1,0,MedCity,0
3.75,12,3,3,M,0,1,0,0,0,SmallCity,0
1.98000001907349,10,23,4,M,0,1,0,1,0,BigCity,0
2.51999998092651,8,3,4,F,0,1,0,0,0,SmallCity,0
2.9300000667572,12,42,3,F,0,1,1,0,0,SmallCity,0
5.09000015258789,5,35,3,M,1,1,0,1,0,MedCity,0
2.40000009536743,13,4,4,M,0,1,0,0,1,SmallCity,0
4.86999988555908,10,12,3,M,1,1,0,0,0,MedCity,0
6.59000015258789,13,20,3,M,0,1,1,1,0,SmallCity,0
1.20000004768372,12,4,3,F,0,1,0,1,0,SmallCity,0
3.32999992370605,12,8,4,F,0,1,0,0,0,SmallCity,0
1.96000003814697,13,1,2,F,0,1,0,0,0,SmallCity,0
2.73000001907349,8,41,1,M,0,1,0,1,0,SmallCity,0
2.63000011444092,10,0,2,F,1,1,0,1,1,SmallCity,0
3.75,10,1,3,M,0,1,0,0,0,MedCity,0
3.07999992370605,10,8,3,F,1,1,1,1,0,BigCity,1
4.26999998092651,12,44,4,M,0,0,0,1,1,MedCity,1
4.5,8,11,4,M,0,1,0,1,0,BigCity,0
5.53000020980835,12,8,2,M,0,1,0,1,0,SmallCity,0
4.09000015258789,12,5,4,M,1,1,1,1,0,BigCity,0
4.55000019073486,12,5,3,M,0,1,0,1,0,SmallCity,0
18.7399997711182,10,7,2,M,0,0,0,1,0,SmallCity,0
4.11999988555908,16,12,3,M,0,1,0,1,0,SmallCity,0
5.76999998092651,5,20,4,M,1,0,0,1,0,MedCity,0
4.80999994277954,12,3,3,M,1,1,0,0,0,MedCity,0
5.76999998092651,12,6,3,M,0,1,0,1,0,MedCity,0
4.80999994277954,5,42,3,F,1,1,0,1,0,SmallCity,0
8.64999961853027,12,22,3,M,1,1,0,1,1,SmallCity,0
1.91999995708466,10,3,4,F,0,1,0,1,0,MedCity,0
5.92999982833862,8,29,4,M,0,0,0,1,0,MedCity,0
6.01000022888184,12,8,3,M,1,1,0,1,0,BigCity,0
3.34999990463257,12,4,3,M,0,1,0,0,0,SmallCity,0
6.01000022888184,8,32,3,M,0,1,0,1,0,MedCity,0
2.96000003814697,12,2,4,M,1,1,0,0,1,SmallCity,0
10.8199996948242,16,24,3,M,0,1,0,1,0,SmallCity,0
4.80999994277954,12,23,4,M,0,1,0,1,0,SmallCity,0
8.78999996185303,12,40,3,M,0,1,0,1,0,BigCity,0
11.6000003814697,12,14,3,M,1,0,0,1,0,SmallCity,0
4.80999994277954,12,5,4,M,1,1,0,0,0,BigCity,0
3.75,8,44,4,M,1,1,0,1,0,MedCity,0
5.28999996185303,16,12,4,M,1,1,0,1,0,BigCity,0
6.5,12,9,3,M,1,1,0,1,0,SmallCity,0
5.82000017166138,10,30,4,M,1,1,0,1,0,MedCity,0
1.78999996185303,12,2,3,M,1,1,0,0,0,BigCity,0
4.28000020980835,12,3,4,M,1,1,0,0,0,MedCity,0
1.98000001907349,10,25,3,F,0,0,0,1,0,MedCity,0
2.30999994277954,12,9,3,F,0,1,0,1,0,SmallCity,0
3.5,10,10,3,F,1,1,1,1,0,MedCity,0
4.36999988555908,12,2,3,F,0,1,0,1,0,MedCity,0
2.25999999046326,8,23,3,F,1,0,0,1,0,MedCity,0
3.75,10,19,2,F,0,1,0,0,0,SmallCity,0
3.75,12,34,3,F,0,0,0,1,0,MedCity,0
2.64000010490417,12,8,4,F,0,1,0,1,0,MedCity,0
2.25999999046326,10,21,3,F,1,1,0,0,0,SmallCity,0
1.83000004291534,10,11,4,F,0,0,0,1,0,MedCity,0
2.88000011444092,13,20,3,F,0,0,0,0,0,MedCity,0
1.98000001907349,5,10,3,F,0,0,0,0,0,MedCity,0
1.98000001907349,10,27,2,F,0,0,0,1,0,SmallCity,0
1.98000001907349,8,25,3,F,0,1,0,1,0,MedCity,0
3.36999988555908,10,9,2,F,0,1,0,1,0,MedCity,0
1.98000001907349,8,19,3,F,1,1,0,0,0,MedCity,0
1.91999995708466,5,26,3,F,0,0,0,1,0,MedCity,0
3.36999988555908,10,11,3,F,0,1,0,1,0,MedCity,0
3.75,5,36,4,M,1,1,0,1,0,SmallCity,0
3.75,12,6,4,F,0,1,0,1,1,BigCity,0
6.59000015258789,12,33,3,M,0,1,0,1,0,SmallCity,0
3.75,10,35,3,M,0,1,1,1,0,MedCity,0
7.96000003814697,10,42,3,M,0,0,0,1,0,SmallCity,0
3.75,12,28,2,M,0,1,0,1,0,SmallCity,1
6.6100001335144,12,11,3,M,1,1,0,1,0,SmallCity,0
8.64999961853027,10,42,3,M,1,1,1,1,0,BigCity,0
5.01999998092651,12,33,2,M,0,1,0,1,0,BigCity,0
11.539999961853,10,42,3,M,1,1,0,0,1,MedCity,0
5.90000009536743,12,25,3,M,0,1,0,1,0,SmallCity,0
3.75,8,6,3,M,0,1,1,1,0,MedCity,0
8.69999980926514,12,41,4,M,1,1,0,1,1,BigCity,0
21.5400009155273,12,34,3,M,0,1,0,1,1,SmallCity,0
3.26999998092651,12,27,3,F,0,0,0,1,0,MedCity,0
3.29999995231628,10,17,3,F,0,1,0,0,0,MedCity,0
5.48999977111816,12,44,3,M,1,1,0,1,0,SmallCity,0
2.40000009536743,10,42,3,F,1,1,0,0,0,BigCity,0
4.09000015258789,12,1,3,M,1,1,0,0,0,BigCity,0
1.98000001907349,5,35,4,M,0,1,1,1,0,MedCity,0
7.21000003814697,10,42,3,M,1,1,0,1,0,MedCity,0
8.5,16,4,3,M,1,1,0,1,1,SmallCity,0
1.98000001907349,8,1,3,F,0,1,0,1,0,MedCity,0
7.17999982833862,10,18,3,M,1,1,0,1,0,MedCity,0
4.80999994277954,16,6,5,M,0,1,0,1,0,MedCity,0
5.23999977111816,12,15,3,M,1,1,0,1,0,BigCity,0
9.13000011444092,12,24,4,M,0,1,0,1,0,MedCity,0
3.75,12,25,3,F,0,1,0,1,0,SmallCity,0
7.69000005722046,12,40,4,M,1,1,1,0,0,BigCity,0
8.60000038146973,5,31,4,M,1,1,1,1,0,MedCity,0
5.28999996185303,10,20,2,M,0,1,0,1,0,MedCity,0
2.40000009536743,8,0,2,M,1,0,0,0,1,SmallCity,0
3.21000003814697,12,5,3,M,0,0,0,1,0,MedCity,0
6.67000007629395,10,15,2,F,1,1,0,1,0,MedCity,0
3.84999990463257,13,5,4,M,1,1,1,1,0,SmallCity,0
8.48999977111816,12,36,3,M,0,1,0,1,0,SmallCity,0
7.21000003814697,10,18,2,M,1,1,0,1,0,SmallCity,0
3.32999992370605,13,22,2,M,0,1,0,1,0,SmallCity,1
4.26999998092651,12,2,3,F,1,1,0,0,0,MedCity,0
2.88000011444092,13,4,4,M,0,1,0,0,0,SmallCity,0
4.09000015258789,12,10,2,M,0,1,0,1,0,BigCity,0
2.75,10,36,3,F,0,1,1,1,0,MedCity,0
4.11999988555908,8,9,4,F,1,1,1,0,0,MedCity,0
9.61999988555908,12,15,4,M,1,1,0,1,0,SmallCity,0
5.53000020980835,12,5,3,M,0,1,0,1,1,SmallCity,0
4.01000022888184,13,5,3,F,0,1,0,1,0,MedCity,0
3.41000008583069,14,4,3,M,0,1,0,1,0,MedCity,0
6.92000007629395,12,3,3,M,0,1,0,1,0,BigCity,0
3.75,12,12,3,F,0,0,1,1,0,MedCity,0
7.96000003814697,12,5,4,M,1,1,0,0,1,SmallCity,0
3.75,8,6,4,F,1,1,1,1,0,MedCity,0
4.28000020980835,12,7,3,F,1,1,0,0,0,MedCity,0
2.30999994277954,5,35,1,M,1,1,0,1,0,MedCity,0
3.79999995231628,12,15,3,F,1,0,0,1,0,SmallCity,0
4.09000015258789,12,5,3,M,0,1,0,0,0,MedCity,0
3.84999990463257,12,12,3,F,1,1,0,1,0,MedCity,0
3.75,10,23,2,F,1,1,0,1,0,BigCity,0
3,12,10,4,M,1,1,1,0,0,MedCity,0
3.96000003814697,16,1,3,M,1,1,1,0,0,MedCity,0
8.55000019073486,12,20,3,M,1,1,0,1,0,MedCity,0
3.75,10,14,4,M,1,1,1,1,0,SmallCity,0
6,8,1,3,M,0,1,0,1,0,MedCity,0
4.80999994277954,12,6,2,M,1,1,0,1,1,SmallCity,0
2.5,12,26,3,M,0,1,0,1,0,MedCity,0
4.32000017166138,10,18,3,F,1,1,1,0,0,SmallCity,0
1.26999998092651,12,4,3,M,0,1,0,0,0,SmallCity,0
5.76999998092651,12,13,2,F,1,1,0,1,0,SmallCity,0
4.19999980926514,10,33,2,M,1,1,0,1,0,SmallCity,0
13.7399997711182,12,28,3,M,1,1,0,1,0,SmallCity,0
2.55999994277954,16,4,3,M,0,1,0,1,0,MedCity,0
5.13000011444092,13,42,4,M,1,1,0,1,0,BigCity,0
7.21000003814697,5,39,3,M,1,1,0,1,0,BigCity,0
4.23999977111816,13,7,3,M,0,1,0,1,0,SmallCity,1
4.09999990463257,12,38,2,M,0,1,0,1,0,SmallCity,0
8.5,12,19,3,M,1,1,0,1,1,MedCity,0
5.94000005722046,12,29,3,M,1,1,0,1,0,BigCity,0
10.539999961853,10,35,3,M,1,1,1,1,0,BigCity,0
3.5,10,18,3,M,0,1,0,1,0,SmallCity,0
5.94999980926514,13,8,3,M,1,1,0,1,1,SmallCity,0
8.89000034332275,13,20,4,M,1,1,0,1,0,SmallCity,0
5.73000001907349,5,34,2,M,1,1,0,1,0,MedCity,0
1.04999995231628,5,29,3,M,0,1,1,1,0,MedCity,0
3.84999990463257,13,8,4,M,1,1,0,1,0,SmallCity,0
2.88000011444092,12,4,3,M,0,1,0,0,1,SmallCity,0
8.4399995803833,12,15,4,M,1,1,0,1,0,MedCity,0
3.60999989509583,12,6,5,M,0,1,0,0,0,MedCity,0
5.76999998092651,12,20,3,M,1,1,0,0,0,MedCity,0
3.32999992370605,8,35,3,M,1,1,1,1,0,BigCity,0
7.96000003814697,5,44,2,M,0,0,0,1,0,MedCity,0
4.48999977111816,10,17,5,M,1,1,0,1,0,MedCity,0
2.38000011444092,13,3,4,M,0,1,0,0,0,SmallCity,0
5.07999992370605,12,40,3,M,1,1,0,1,0,SmallCity,0
5.30999994277954,12,18,4,M,0,1,0,1,0,BigCity,0
5.30999994277954,12,23,3,M,1,1,0,0,0,SmallCity,0
6.53999996185303,10,10,4,M,0,1,0,1,0,MedCity,0
7.42999982833862,10,18,3,M,1,1,1,0,1,SmallCity,0
5.28999996185303,12,42,3,M,1,1,0,1,0,MedCity,0
11.0900001525879,8,38,3,M,1,1,0,1,0,SmallCity,0
3.32999992370605,13,5,4,M,0,1,1,0,0,MedCity,0
3.26999998092651,8,25,2,M,0,1,0,1,1,MedCity,0
3.84999990463257,8,26,2,M,1,1,0,1,0,MedCity,0
8.03999996185303,12,11,3,M,0,1,0,1,0,SmallCity,0
4.61999988555908,10,16,3,M,0,1,0,1,0,MedCity,0
7.96000003814697,5,40,4,M,1,1,0,1,0,MedCity,0
4.84999990463257,12,7,4,M,0,1,0,1,1,MedCity,0
6.96999979019165,12,17,3,M,0,1,0,0,0,SmallCity,0
4.80999994277954,12,44,3,M,0,1,0,1,0,BigCity,0
3.01999998092651,12,6,3,M,0,0,0,1,0,SmallCity,0
3.98000001907349,12,8,3,M,0,1,0,1,0,SmallCity,0
5.55999994277954,12,31,3,M,0,1,0,0,0,SmallCity,0
7.32000017166138,12,26,3,M,1,1,0,1,0,SmallCity,0
7.69000005722046,10,20,3,M,1,1,0,1,0,SmallCity,0
6.28999996185303,13,22,2,M,0,1,0,1,0,SmallCity,0
9.61999988555908,12,11,3,M,1,1,0,1,1,SmallCity,0
7.63000011444092,13,8,4,M,0,1,0,1,0,SmallCity,0
4.28999996185303,5,40,3,M,1,1,0,1,0,MedCity,0
25.6399993896484,10,13,3,M,0,1,0,1,0,MedCity,0
4.23999977111816,12,3,4,M,0,1,0,0,0,BigCity,0
3.86999988555908,12,10,4,M,0,1,0,1,0,SmallCity,0
5.73000001907349,10,18,3,M,1,1,0,1,0,SmallCity,0
3.5,12,5,3,F,0,1,0,1,0,MedCity,0
5.05000019073486,10,16,3,M,1,1,1,1,0,BigCity,0
7.96000003814697,12,10,3,M,1,1,0,1,1,SmallCity,0
7.96000003814697,12,10,4,M,1,1,0,1,0,SmallCity,0
3.41000008583069,12,3,3,M,1,1,0,0,0,MedCity,0
5.73000001907349,8,40,3,M,1,1,0,0,0,MedCity,0
8.89000034332275,12,35,3,M,0,1,0,1,1,MedCity,0
4.80999994277954,10,28,3,M,1,1,0,1,0,MedCity,0
4.80999994277954,14,16,3,M,0,1,0,1,0,MedCity,0
3.75,12,19,3,M,0,1,1,0,0,SmallCity,0
13.4099998474121,10,11,4,M,1,1,0,1,0,MedCity,0
5.09000015258789,12,10,2,M,0,1,0,1,0,MedCity,0
2.88000011444092,12,4,4,M,1,1,1,0,0,SmallCity,0
3.21000003814697,14,2,4,M,0,1,1,0,1,SmallCity,0
4.55000019073486,12,5,3,M,0,1,0,0,0,MedCity,0
5.76999998092651,10,31,2,M,1,1,0,0,1,MedCity,0
8.85000038146973,14,28,3,M,1,1,0,1,1,BigCity,0
4.40999984741211,10,9,3,M,1,1,0,1,0,BigCity,0
4.26999998092651,13,12,3,M,0,1,0,1,0,SmallCity,0
10.1199998855591,13,17,3,M,0,1,0,1,0,SmallCity,0
5.28999996185303,13,37,3,M,0,1,1,1,1,SmallCity,0
5.73000001907349,8,35,2,M,1,1,0,1,0,MedCity,0
7.63000011444092,12,35,3,M,1,1,0,1,1,SmallCity,0
7.69000005722046,13,10,4,M,1,1,0,1,1,SmallCity,0
6.07999992370605,12,42,3,M,1,0,0,1,0,MedCity,0
7.48999977111816,12,27,3,M,1,1,0,0,0,SmallCity,0
6.36999988555908,13,5,3,M,1,1,0,1,1,BigCity,0
6.40999984741211,12,5,3,F,1,1,0,0,0,SmallCity,0
1.98000001907349,12,3,3,M,0,1,0,0,0,MedCity,0
3.84999990463257,5,37,3,M,0,0,1,0,0,SmallCity,0
7.05000019073486,12,14,3,M,0,1,0,0,0,SmallCity,0
5.13000011444092,13,21,3,M,0,1,0,1,0,MedCity,0
6.34999990463257,10,7,3,M,1,1,0,1,0,SmallCity,0
6.69000005722046,12,27,3,M,1,1,0,1,1,MedCity,0
4.61999988555908,13,1,3,M,0,1,0,0,0,SmallCity,0
5.01999998092651,13,31,3,M,0,1,0,1,1,SmallCity,0
4.23000001907349,5,42,2,M,0,1,0,1,1,SmallCity,1
4.32999992370605,5,45,3,M,0,0,1,1,0,BigCity,0
6.53999996185303,10,34,3,M,1,1,0,1,0,SmallCity,0
7.13000011444092,13,9,4,M,1,1,0,0,0,SmallCity,0
3.84999990463257,10,3,4,M,0,1,0,1,1,SmallCity,1
2.17000007629395,10,2,3,F,0,1,0,1,1,MedCity,0
5.28999996185303,10,36,3,M,1,1,1,1,0,BigCity,0
6.48999977111816,12,27,3,F,1,1,0,1,0,SmallCity,0
10.1899995803833,12,39,4,M,0,1,0,1,0,MedCity,0
5.78999996185303,16,9,4,M,0,1,0,1,0,MedCity,0
3.8199999332428,12,47,3,M,0,1,0,0,0,MedCity,0
12.539999961853,12,13,3,M,0,1,0,1,0,MedCity,0
7.69000005722046,10,28,3,M,0,1,0,1,0,MedCity,0
8.55000019073486,12,26,3,M,0,1,0,1,0,MedCity,0
5.92000007629395,12,34,2,M,0,1,0,1,0,MedCity,0
13.7399997711182,12,28,4,M,0,1,0,1,0,MedCity,0
2.11999988555908,14,17,2,F,0,1,0,1,0,MedCity,0
16.1399993896484,13,10,2,M,0,1,0,1,0,MedCity,0
1.32000005245209,10,21,3,M,0,0,0,1,0,MedCity,0
1.78999996185303,12,15,4,M,0,1,0,1,0,MedCity,0
2.3199999332428,13,15,4,M,0,1,0,1,0,MedCity,0
3.70000004768372,12,11,3,M,0,1,0,1,0,MedCity,0
6.75,10,37,3,M,0,1,0,1,0,MedCity,0
8.4399995803833,5,43,3,M,0,1,0,1,0,MedCity,0
26.2399997711182,12,37,2,M,0,1,0,1,0,MedCity,0
8.88000011444092,12,24,3,M,0,1,0,1,0,MedCity,0
2.5,10,17,3,M,0,1,0,1,0,MedCity,0
7.28000020980835,12,16,3,M,0,1,0,1,0,MedCity,0
7.84000015258789,12,36,3,M,0,1,0,1,0,MedCity,0
26.2399997711182,12,37,3,M,0,1,0,1,0,MedCity,0
6.32999992370605,8,38,3,M,0,1,0,1,0,MedCity,0
4.15999984741211,12,9,4,M,0,1,0,1,0,MedCity,0
3.21000003814697,5,36,4,M,0,1,0,1,1,MedCity,0
2.01999998092651,5,41,2,F,0,1,0,0,0,SmallCity,0
9.22999954223633,12,10,3,M,1,1,0,1,0,BigCity,0
2.6800000667572,5,33,3,M,0,1,0,1,0,MedCity,0
8.64999961853027,14,5,4,F,0,1,0,1,0,MedCity,0
2.07999992370605,12,1,4,F,0,1,0,0,0,MedCity,1
6.25,5,47,4,F,0,0,1,1,0,SmallCity,0
1.91999995708466,12,8,2,M,0,1,0,1,0,MedCity,0
3.07999992370605,10,6,2,M,0,1,0,1,0,MedCity,1
2.10999989509583,12,12,3,F,0,1,0,1,0,BigCity,1
3.46000003814697,5,26,1,F,0,1,0,0,1,MedCity,1
4.80999994277954,10,14,3,M,1,1,0,1,0,SmallCity,0
3.36999988555908,5,13,3,F,1,1,0,0,1,SmallCity,1
5.76999998092651,5,39,2,M,1,1,0,1,0,MedCity,0
3.33999991416931,13,10,2,M,0,1,0,1,0,SmallCity,1
7.26000022888184,10,27,3,M,1,0,0,1,0,SmallCity,0
3.73000001907349,13,5,3,M,0,1,0,1,0,BigCity,0
2.21000003814697,12,6,3,F,1,1,0,0,0,SmallCity,0
2.92000007629395,8,32,3,M,0,0,0,1,0,MedCity,1
3.52999997138977,8,1,4,M,1,1,1,1,0,SmallCity,1
1.79999995231628,12,8,4,F,0,1,0,1,0,SmallCity,0
2.59999990463257,10,15,4,F,0,1,0,1,0,SmallCity,1
1.16999995708466,12,1,2,M,0,1,1,0,0,SmallCity,0
1.87999999523163,10,25,3,F,1,1,0,0,0,MedCity,0
2.88000011444092,10,15,3,F,1,1,1,1,0,BigCity,0
1.91999995708466,12,7,4,F,0,1,0,1,0,SmallCity,0
1.87999999523163,12,1,4,F,0,1,0,0,0,BigCity,0
3.36999988555908,12,12,3,F,0,1,0,1,0,MedCity,1
1.82000005245209,10,3,3,F,0,1,0,0,0,SmallCity,1
1.46000003814697,10,2,4,M,0,1,1,1,0,SmallCity,0
2.25999999046326,10,3,3,F,0,1,0,1,1,SmallCity,1
2.0699999332428,12,2,2,F,0,1,0,0,1,SmallCity,0
3.53999996185303,13,16,3,M,0,1,0,1,0,SmallCity,0
1.25999999046326,5,32,1,F,0,1,1,0,0,MedCity,0
2.25999999046326,10,20,3,F,0,1,0,1,0,MedCity,1
3.95000004768372,12,17,3,F,0,1,0,1,0,MedCity,1
2.65000009536743,5,15,3,F,0,1,0,0,0,MedCity,0
3.75,8,19,2,F,0,1,0,1,1,BigCity,1
2.25999999046326,5,37,3,M,1,0,0,0,0,SmallCity,0
2.19000005722046,10,29,3,F,1,1,1,0,0,SmallCity,1
2.19000005722046,13,5,2,F,0,0,0,0,1,MedCity,1
3.21000003814697,5,7,3,F,0,1,0,0,0,SmallCity,0
2.47000002861023,5,23,2,F,0,1,0,0,0,MedCity,0
3,12,5,4,F,0,1,0,0,0,SmallCity,0
3.75,8,29,3,M,0,1,0,0,0,SmallCity,1
2,12,13,3,F,0,1,0,0,0,SmallCity,0
2.25999999046326,12,10,2,F,0,1,0,1,0,SmallCity,0
2.88000011444092,13,12,4,F,0,1,0,1,0,MedCity,0
4.69000005722046,12,7,3,F,1,1,0,1,0,SmallCity,0
3.95000004768372,12,9,3,F,0,1,0,1,0,BigCity,0
6.53999996185303,12,4,3,M,0,1,0,1,1,BigCity,0
3.5699999332428,12,26,3,F,0,1,0,0,0,SmallCity,1
5.30999994277954,17,15,3,M,0,1,0,1,0,SmallCity,1
2.63000011444092,10,19,4,F,0,1,0,1,0,MedCity,0
4.32999992370605,16,22,3,M,0,0,0,1,0,BigCity,0
2.25,5,12,1,F,0,1,1,0,0,MedCity,0
2.75,10,11,3,F,0,1,0,1,1,SmallCity,0
3.28999996185303,12,6,3,F,1,1,0,1,0,SmallCity,1
5.76999998092651,14,13,4,M,0,1,0,1,0,BigCity,0
4.73999977111816,13,8,4,F,0,1,0,0,0,SmallCity,1
4.11999988555908,13,7,3,F,0,1,0,0,1,SmallCity,1
2.89000010490417,10,12,3,F,0,1,1,0,0,BigCity,1
6.96000003814697,13,11,3,M,1,1,0,1,0,BigCity,0
6.40999984741211,12,41,2,M,0,1,0,1,1,SmallCity,1
4.28000020980835,12,7,3,F,1,1,0,1,0,BigCity,1
1.27999997138977,13,9,4,F,0,1,0,1,0,SmallCity,1
2.55999994277954,10,40,3,F,1,1,0,0,0,MedCity,1
4.61999988555908,14,7,4,F,0,1,1,1,0,MedCity,1
1.98000001907349,12,9,3,F,0,1,0,1,0,SmallCity,1
1.91999995708466,13,13,4,F,0,1,0,0,0,MedCity,1
1.79999995231628,13,33,2,F,0,0,0,1,1,BigCity,1
1.98000001907349,14,17,3,F,0,1,0,0,0,SmallCity,1
2,13,3,2,F,0,1,1,0,0,MedCity,1
2.10999989509583,16,8,3,F,0,1,0,0,0,MedCity,1
2.10999989509583,10,3,4,F,0,1,0,1,0,MedCity,1
2.76999998092651,13,9,3,M,0,1,0,0,1,SmallCity,1
3.46000003814697,10,30,3,F,0,1,0,0,0,MedCity,0
6,13,5,4,F,0,1,0,0,1,BigCity,1
4.80999994277954,12,13,3,M,0,1,1,1,0,SmallCity,1
2.32999992370605,12,5,2,F,0,1,0,1,0,MedCity,1
3.5699999332428,16,9,4,F,0,1,0,0,0,BigCity,1
1.98000001907349,13,8,3,F,0,1,0,0,1,SmallCity,1
5.13000011444092,10,20,2,F,0,1,1,1,0,BigCity,0
4.46999979019165,13,3,3,F,0,1,0,0,0,SmallCity,1
2.0699999332428,12,5,5,F,1,1,0,0,1,SmallCity,1
6.96999979019165,13,20,3,F,1,1,0,1,0,SmallCity,1
1.98000001907349,12,2,3,F,0,1,0,0,0,SmallCity,1
4.61999988555908,12,7,3,F,0,1,0,0,0,SmallCity,1
3.21000003814697,13,5,3,M,0,1,0,0,0,BigCity,1
1.79999995231628,14,46,3,F,0,1,0,0,0,MedCity,1
4.61999988555908,12,10,3,F,1,1,0,1,1,SmallCity,0
6.1100001335144,12,27,3,M,0,1,0,1,0,MedCity,0
5.73000001907349,16,39,3,M,0,1,1,1,0,BigCity,0
3.5699999332428,13,13,4,M,0,1,0,1,0,MedCity,1
1.58000004291534,12,27,4,M,0,1,0,1,0,SmallCity,1
4.21000003814697,12,7,4,M,0,1,0,1,0,MedCity,1
1.75,12,18,3,F,0,1,0,0,1,SmallCity,1
2.15000009536743,12,6,1,F,0,1,0,1,0,MedCity,1
1.01999998092651,13,11,3,F,0,1,0,1,0,SmallCity,1
2.40000009536743,12,10,2,F,0,1,1,1,0,MedCity,1
2.82999992370605,13,28,3,F,0,1,1,0,0,SmallCity,1
3.28999996185303,10,2,3,F,0,1,0,1,0,MedCity,1
1.98000001907349,12,45,3,F,0,1,0,0,0,SmallCity,1
23.1599998474121,10,9,3,M,0,1,0,0,0,BigCity,1
5.48999977111816,12,13,4,F,0,1,0,1,0,MedCity,1
3,13,40,3,M,0,1,0,0,1,BigCity,1
3.28999996185303,12,10,4,F,0,0,0,0,0,MedCity,1
2.88000011444092,12,15,4,F,0,1,0,0,0,MedCity,1
2.63000011444092,10,12,3,F,0,1,0,1,0,MedCity,1
5.82000017166138,17,20,2,F,0,1,0,0,0,MedCity,1
1.0900000333786,10,8,2,F,0,1,0,1,0,SmallCity,1
1.27999997138977,12,13,4,F,0,1,0,1,0,SmallCity,0
6.25,12,3,3,F,0,1,0,0,0,MedCity,1
2.88000011444092,14,7,4,M,0,1,0,1,0,MedCity,0
7.69000005722046,12,18,4,M,1,1,0,1,0,BigCity,0
7.1399998664856,12,13,4,M,0,1,0,1,0,SmallCity,0
6.92999982833862,12,36,3,M,1,1,0,1,1,SmallCity,0
1.55999994277954,12,4,3,M,0,1,0,0,0,SmallCity,0
1.98000001907349,10,8,3,F,0,1,0,0,0,SmallCity,1
8.75,16,24,3,M,1,1,0,0,0,SmallCity,1
4.80999994277954,12,31,2,M,0,1,0,1,0,MedCity,0
4.71000003814697,13,16,3,M,0,1,0,1,0,MedCity,0
4.86999988555908,13,10,3,M,0,1,0,1,0,MedCity,0
4.61999988555908,13,10,4,M,0,1,0,1,1,MedCity,0
2.40000009536743,12,12,4,M,0,1,0,0,1,SmallCity,1
5.34000015258789,12,20,2,M,0,1,0,1,0,MedCity,0
4.21000003814697,12,13,3,M,1,1,0,1,0,MedCity,0
4.71999979019165,13,9,4,M,1,1,0,1,0,MedCity,0
12.8199996948242,13,15,3,M,1,1,0,1,0,BigCity,0
6.73000001907349,10,34,3,M,0,1,0,1,0,SmallCity,0
5.3899998664856,14,8,3,M,1,1,0,1,0,SmallCity,0
5.30999994277954,17,3,4,M,0,1,0,0,0,SmallCity,0
10.5799999237061,16,19,4,M,0,1,0,0,0,SmallCity,0
8.64999961853027,13,10,3,M,1,1,0,1,0,BigCity,0
4.17000007629395,10,13,3,M,0,1,0,1,0,MedCity,0
6.80999994277954,12,7,3,M,1,1,0,0,0,SmallCity,0
9.61999988555908,16,21,3,M,1,1,0,1,1,BigCity,0
1.22000002861023,5,10,3,F,0,1,0,0,0,MedCity,1
1.78999996185303,8,20,3,F,0,1,0,1,0,MedCity,1
1.61000001430511,12,25,3,F,0,1,1,0,0,MedCity,1
1.67999994754791,12,4,2,F,0,1,0,1,0,SmallCity,1
3.28999996185303,12,35,3,F,0,1,1,0,0,SmallCity,1
2.30999994277954,10,15,3,F,0,1,1,1,0,BigCity,1
1.91999995708466,16,24,3,F,0,0,0,0,1,SmallCity,1
